Workbook

Sheet Instrucciones
A1: CÓMO USAR ESTE INVENTARIO
A3: Hoja Inventario | B3: Una fila por instancia o base de datos. Hasta 500 filas. Las filas 6 a 8 son ejemplos en gris cursiva: bórralas antes de empezar.
A4: Columnas grises | B4: 'Estado del restore' y 'Soporte vigente' se calculan solas (fórmulas). No las sobrescribas.
A5: Listas desplegables | B5: Motor, ambiente, criticidad, etc. salen de la hoja Catalogos. Puedes agregar valores ahí.
A6: Colores | B6: Verde = correcto, amarillo = atención, rojo = acción requerida.
A7: Hoja Resumen | B7: Conteos por motor/ambiente, % de cumplimiento en producción y alertas. Se actualiza solo.
A8: Restore vigente | B8: Se considera OK si el último restore probado fue hace 90 días o menos. Ajusta el 90 en las fórmulas si tu política es otra.
A9: Soporte vigente | B9: 'Por vencer' = menos de 180 días para el fin de soporte del fabricante. Registra la fecha oficial de cada versión.
A10: Suposiciones | B10: Umbrales de 90 y 180 días son valores sugeridos, no de normativa. Los datos de ejemplo son ficticios.
A11: Mantenimiento | B11: Revisa y actualiza el inventario cada mes y cada vez que se cree, migre o retire una base.

Sheet Inventario
A1: INVENTARIO ÚNICO DE BASES DE DATOS
A2: Llena las columnas en blanco. Las columnas grises se calculan solas. Filas 6-8 = ejemplos (bórralas al empezar). Ver hoja 'Instrucciones'.
A4: Identificación | I4: Infraestructura | O4: Responsables | R4: Datos y cumplimiento | T4: Seguridad | Z4: Continuidad | AG4: Mantenimiento | AJ4: Observaciones
A5: ID | B5: Nombre instancia / BD | C5: Motor | D5: Versión | E5: Edición / Licencia | F5: Ambiente | G5: Criticidad | H5: Estado | I5: Host / Servidor | J5: IP | K5: Puerto | L5: Plataforma | M5: Sistema operativo | N5: Tamaño (GB) | O5: Dueño de negocio | P5: DBA responsable | Q5: Aplicación(es) que la usan | R5: Datos sensibles | S5: Normativa aplicable | T5: Auditoría activa | U5: Logs enviados al SIEM | V5: Cifrado en reposo | W5: TLS en tránsito | X5: Credenciales en vault | Y5: Acceso por bastión/PAM | Z5: Alta disponibilidad | AA5: Herramienta de backup | AB5: Frecuencia de backup | AC5: RPO (min) | AD5: RTO (min) | AE5: Último restore probado | AF5: Estado del restore (auto) | AG5: Último parche aplicado | AH5: Fin de soporte de la versión | AI5: Soporte vigente (auto) | AJ5: Observaciones
A6: BD-001 | B6: mysql-prod-ventas-01 | C6: MySQL | D6: 8.0.36 | E6: Community | F6: Producción | G6: Crítica | H6: Activo | I6: srv-mysql-01 | J6: 10.10.1.21 | K6: 3306 | L6: On-premise | M6: RHEL 9 | N6: 420 | O6: Gerencia Comercial | P6: Tu nombre | Q6: Portal de ventas | R6: PII | S6: GDPR/LOPD | T6: Parcial | U6: No | V6: No | W6: Sí | X6: No | Y6: No | Z6: Replicación primaria/réplica | AA6: XtraBackup + binlogs | AB6: Diario | AC6: 15 | AD6: 120 | AE6: 46188 | AF6: =IF(A6="","",IF(AE6="","Sin probar",IF(TODAY()-AE6>90,"Vencido (>90 días)","OK"))) -> Vencido (>90 días) | AG6: 46132 | AH6: 46142 | AI6: =IF(A6="","",IF(AH6="","Sin dato",IF(AH6<TODAY(),"SIN SOPORTE",IF(AH6-TODAY()<180,"Por vencer","Vigente")))) -> SIN SOPORTE | AJ6: EJEMPLO - reemplazar
A7: BD-002 | B7: ORCLPRD | C7: Oracle | D7: 19c | E7: Enterprise | F7: Producción | G7: Crítica | H7: Activo | I7: srv-ora-01 | J7: 10.10.2.15 | K7: 1521 | L7: On-premise | M7: Oracle Linux 8 | N7: 1800 | O7: Finanzas | P7: Tu nombre | Q7: ERP | R7: Financiero | S7: SOX | T7: Sí | U7: Sí | V7: Sí | W7: Sí | X7: Sí | Y7: Sí | Z7: Data Guard | AA7: RMAN | AB7: Diario + archivelogs | AC7: 5 | AD7: 60 | AE7: 46275 | AF7: =IF(A7="","",IF(AE7="","Sin probar",IF(TODAY()-AE7>90,"Vencido (>90 días)","OK"))) -> OK | AG7: 46221 | AH7: 46507 | AI7: =IF(A7="","",IF(AH7="","Sin dato",IF(AH7<TODAY(),"SIN SOPORTE",IF(AH7-TODAY()<180,"Por vencer","Vigente")))) -> Vigente | AJ7: EJEMPLO - reemplazar
A8: BD-003 | B8: mongo-prod-logs-01 | C8: MongoDB | D8: 7.0 | E8: Community | F8: Producción | G8: Media | H8: Activo | I8: srv-mongo-01 | J8: 10.10.3.8 | K8: 27017 | L8: Nube pública | M8: Ubuntu 22.04 | N8: 95 | O8: TI | P8: Tu nombre | Q8: Servicio de eventos | R8: Ninguno | S8: Ninguna | T8: No | U8: No | V8: No | W8: No | X8: No | Y8: No | Z8: Replica Set | AA8: mongodump | AB8: Semanal | AC8: 1440 | AD8: 240 | AF8: =IF(A8="","",IF(AE8="","Sin probar",IF(TODAY()-AE8>90,"Vencido (>90 días)","OK"))) -> Sin probar | AG8: 46058 | AH8: 46630 | AI8: =IF(A8="","",IF(AH8="","Sin dato",IF(AH8<TODAY(),"SIN SOPORTE",IF(AH8-TODAY()<180,"Por vencer","Vigente")))) -> Vigente | AJ8: EJEMPLO - reemplazar
AF9: =IF(A9="","",IF(AE9="","Sin probar",IF(TODAY()-AE9>90,"Vencido (>90 días)","OK"))) | AI9: =IF(A9="","",IF(AH9="","Sin dato",IF(AH9<TODAY(),"SIN SOPORTE",IF(AH9-TODAY()<180,"Por vencer","Vigente"))))
AF10: =IF(A10="","",IF(AE10="","Sin probar",IF(TODAY()-AE10>90,"Vencido (>90 días)","OK"))) | AI10: =IF(A10="","",IF(AH10="","Sin dato",IF(AH10<TODAY(),"SIN SOPORTE",IF(AH10-TODAY()<180,"Por vencer","Vigente"))))
AF11: =IF(A11="","",IF(AE11="","Sin probar",IF(TODAY()-AE11>90,"Vencido (>90 días)","OK"))) | AI11: =IF(A11="","",IF(AH11="","Sin dato",IF(AH11<TODAY(),"SIN SOPORTE",IF(AH11-TODAY()<180,"Por vencer","Vigente"))))
AF12: =IF(A12="","",IF(AE12="","Sin probar",IF(TODAY()-AE12>90,"Vencido (>90 días)","OK"))) | AI12: =IF(A12="","",IF(AH12="","Sin dato",IF(AH12<TODAY(),"SIN SOPORTE",IF(AH12-TODAY()<180,"Por vencer","Vigente"))))
AF13: =IF(A13="","",IF(AE13="","Sin probar",IF(TODAY()-AE13>90,"Vencido (>90 días)","OK"))) | AI13: =IF(A13="","",IF(AH13="","Sin dato",IF(AH13<TODAY(),"SIN SOPORTE",IF(AH13-TODAY()<180,"Por vencer","Vigente"))))
AF14: =IF(A14="","",IF(AE14="","Sin probar",IF(TODAY()-AE14>90,"Vencido (>90 días)","OK"))) | AI14: =IF(A14="","",IF(AH14="","Sin dato",IF(AH14<TODAY(),"SIN SOPORTE",IF(AH14-TODAY()<180,"Por vencer","Vigente"))))
AF15: =IF(A15="","",IF(AE15="","Sin probar",IF(TODAY()-AE15>90,"Vencido (>90 días)","OK"))) | AI15: =IF(A15="","",IF(AH15="","Sin dato",IF(AH15<TODAY(),"SIN SOPORTE",IF(AH15-TODAY()<180,"Por vencer","Vigente"))))
AF16: =IF(A16="","",IF(AE16="","Sin probar",IF(TODAY()-AE16>90,"Vencido (>90 días)","OK"))) | AI16: =IF(A16="","",IF(AH16="","Sin dato",IF(AH16<TODAY(),"SIN SOPORTE",IF(AH16-TODAY()<180,"Por vencer","Vigente"))))
AF17: =IF(A17="","",IF(AE17="","Sin probar",IF(TODAY()-AE17>90,"Vencido (>90 días)","OK"))) | AI17: =IF(A17="","",IF(AH17="","Sin dato",IF(AH17<TODAY(),"SIN SOPORTE",IF(AH17-TODAY()<180,"Por vencer","Vigente"))))
AF18: =IF(A18="","",IF(AE18="","Sin probar",IF(TODAY()-AE18>90,"Vencido (>90 días)","OK"))) | AI18: =IF(A18="","",IF(AH18="","Sin dato",IF(AH18<TODAY(),"SIN SOPORTE",IF(AH18-TODAY()<180,"Por vencer","Vigente"))))
AF19: =IF(A19="","",IF(AE19="","Sin probar",IF(TODAY()-AE19>90,"Vencido (>90 días)","OK"))) | AI19: =IF(A19="","",IF(AH19="","Sin dato",IF(AH19<TODAY(),"SIN SOPORTE",IF(AH19-TODAY()<180,"Por vencer","Vigente"))))
AF20: =IF(A20="","",IF(AE20="","Sin probar",IF(TODAY()-AE20>90,"Vencido (>90 días)","OK"))) | AI20: =IF(A20="","",IF(AH20="","Sin dato",IF(AH20<TODAY(),"SIN SOPORTE",IF(AH20-TODAY()<180,"Por vencer","Vigente"))))
... AF505: =IF(A505="","",IF(AE505="","Sin probar",IF(TODAY()-AE505>90,"Vencido (>90 días)","OK"))) | AI505: =IF(A505="","",IF(AH505="","Sin dato",IF(AH505<TODAY(),"SIN SOPORTE",IF(AH505-TODAY()<180,"Por vencer","Vigente"))))

Sheet Resumen
A1: RESUMEN DEL INVENTARIO
A2: Todo se calcula desde la hoja Inventario (incluye las filas de ejemplo hasta que las borres).
A4: Instancias por motor y ambiente
A5: Motor | B5: Producción | C5: Preproducción | D5: Desarrollo | E5: QA/Pruebas | F5: DR | G5: Total
A6: MySQL | B6: =COUNTIFS(Inventario!$C$6:$C$505,$A6,Inventario!$F$6:$F$505,B$5) -> 1 | C6: =COUNTIFS(Inventario!$C$6:$C$505,$A6,Inventario!$F$6:$F$505,C$5) -> 0 | D6: =COUNTIFS(Inventario!$C$6:$C$505,$A6,Inventario!$F$6:$F$505,D$5) -> 0 | E6: =COUNTIFS(Inventario!$C$6:$C$505,$A6,Inventario!$F$6:$F$505,E$5) -> 0 | F6: =COUNTIFS(Inventario!$C$6:$C$505,$A6,Inventario!$F$6:$F$505,F$5) -> 0 | G6: =SUM(B6:F6) -> 1
A7: Oracle | B7: =COUNTIFS(Inventario!$C$6:$C$505,$A7,Inventario!$F$6:$F$505,B$5) -> 1 | C7: =COUNTIFS(Inventario!$C$6:$C$505,$A7,Inventario!$F$6:$F$505,C$5) -> 0 | D7: =COUNTIFS(Inventario!$C$6:$C$505,$A7,Inventario!$F$6:$F$505,D$5) -> 0 | E7: =COUNTIFS(Inventario!$C$6:$C$505,$A7,Inventario!$F$6:$F$505,E$5) -> 0 | F7: =COUNTIFS(Inventario!$C$6:$C$505,$A7,Inventario!$F$6:$F$505,F$5) -> 0 | G7: =SUM(B7:F7) -> 1
A8: PostgreSQL | B8: =COUNTIFS(Inventario!$C$6:$C$505,$A8,Inventario!$F$6:$F$505,B$5) -> 0 | C8: =COUNTIFS(Inventario!$C$6:$C$505,$A8,Inventario!$F$6:$F$505,C$5) -> 0 | D8: =COUNTIFS(Inventario!$C$6:$C$505,$A8,Inventario!$F$6:$F$505,D$5) -> 0 | E8: =COUNTIFS(Inventario!$C$6:$C$505,$A8,Inventario!$F$6:$F$505,E$5) -> 0 | F8: =COUNTIFS(Inventario!$C$6:$C$505,$A8,Inventario!$F$6:$F$505,F$5) -> 0 | G8: =SUM(B8:F8) -> 0
A9: MongoDB | B9: =COUNTIFS(Inventario!$C$6:$C$505,$A9,Inventario!$F$6:$F$505,B$5) -> 1 | C9: =COUNTIFS(Inventario!$C$6:$C$505,$A9,Inventario!$F$6:$F$505,C$5) -> 0 | D9: =COUNTIFS(Inventario!$C$6:$C$505,$A9,Inventario!$F$6:$F$505,D$5) -> 0 | E9: =COUNTIFS(Inventario!$C$6:$C$505,$A9,Inventario!$F$6:$F$505,E$5) -> 0 | F9: =COUNTIFS(Inventario!$C$6:$C$505,$A9,Inventario!$F$6:$F$505,F$5) -> 0 | G9: =SUM(B9:F9) -> 1
A10: Total | B10: =SUM(B6:B9) -> 3 | C10: =SUM(C6:C9) -> 0 | D10: =SUM(D6:D9) -> 0 | E10: =SUM(E6:E9) -> 0 | F10: =SUM(F6:F9) -> 0 | G10: =SUM(G6:G9) -> 3
A12: Indicadores de seguridad y continuidad (solo Producción)
A13: Indicador | B13: Cumple | C13: Total prod. | D13: % cumplimiento
A14: Auditoría activa (Sí) | B14: =COUNTIFS(Inventario!$F$6:$F$505,"Producción",Inventario!$T$6:$T$505,"Sí") -> 1 | C14: =COUNTIFS(Inventario!$F$6:$F$505,"Producción") -> 3 | D14: =IF(C14=0,"",B14/C14) -> 0.33333333
A15: Logs enviados al SIEM | B15: =COUNTIFS(Inventario!$F$6:$F$505,"Producción",Inventario!$U$6:$U$505,"Sí") -> 1 | C15: =COUNTIFS(Inventario!$F$6:$F$505,"Producción") -> 3 | D15: =IF(C15=0,"",B15/C15) -> 0.33333333
A16: Cifrado en reposo | B16: =COUNTIFS(Inventario!$F$6:$F$505,"Producción",Inventario!$V$6:$V$505,"Sí") -> 1 | C16: =COUNTIFS(Inventario!$F$6:$F$505,"Producción") -> 3 | D16: =IF(C16=0,"",B16/C16) -> 0.33333333
A17: TLS en tránsito | B17: =COUNTIFS(Inventario!$F$6:$F$505,"Producción",Inventario!$W$6:$W$505,"Sí") -> 2 | C17: =COUNTIFS(Inventario!$F$6:$F$505,"Producción") -> 3 | D17: =IF(C17=0,"",B17/C17) -> 0.66666667
A18: Credenciales en vault | B18: =COUNTIFS(Inventario!$F$6:$F$505,"Producción",Inventario!$X$6:$X$505,"Sí") -> 1 | C18: =COUNTIFS(Inventario!$F$6:$F$505,"Producción") -> 3 | D18: =IF(C18=0,"",B18/C18) -> 0.33333333
A19: Acceso por bastión/PAM | B19: =COUNTIFS(Inventario!$F$6:$F$505,"Producción",Inventario!$Y$6:$Y$505,"Sí") -> 1 | C19: =COUNTIFS(Inventario!$F$6:$F$505,"Producción") -> 3 | D19: =IF(C19=0,"",B19/C19) -> 0.33333333
A20: Restore probado en últimos 90 días | B20: =COUNTIFS(Inventario!$F$6:$F$505,"Producción",Inventario!$AF$6:$AF$505,"OK") -> 1 | C20: =COUNTIFS(Inventario!$F$6:$F$505,"Producción") -> 3 | D20: =IF(C20=0,"",B20/C20) -> 0.33333333
A21: Versión con soporte vigente | B21: =COUNTIFS(Inventario!$F$6:$F$505,"Producción",Inventario!$AI$6:$AI$505,"Vigente")+COUNTIFS(Inventario!$F$6:$F$505,"Producción",Inventario!$AI$6:$AI$505,"Por vencer") -> 2 | C21: =COUNTIFS(Inventario!$F$6:$F$505,"Producción") -> 3 | D21: =IF(C21=0,"",B21/C21) -> 0.66666667
A23: Alertas
A24: Instancias SIN SOPORTE | B24: =COUNTIFS(Inventario!$AI$6:$AI$505,"SIN SOPORTE") -> 1
A25: Restore sin probar (todas) | B25: =COUNTIFS(Inventario!$AF$6:$AF$505,"Sin probar") -> 1
A26: Restore vencido >90 días (todas) | B26: =COUNTIFS(Inventario!$AF$6:$AF$505,"Vencido (>90 días)") -> 1
A27: Críticas en Producción sin auditoría | B27: =COUNTIFS(Inventario!$G$6:$G$505,"Crítica",Inventario!$F$6:$F$505,"Producción",Inventario!$T$6:$T$505,"No") -> 0
A28: Con datos sensibles y sin cifrado en reposo | B28: =COUNTIFS(Inventario!$V$6:$V$505,"No",Inventario!$R$6:$R$505,"<>Ninguno",Inventario!$R$6:$R$505,"<>") -> 1

Sheet Catalogos
A1: Motor | B1: Ambiente | C1: Criticidad | D1: Plataforma | E1: SiNo | F1: Auditoría | G1: Datos sensibles | H1: Normativa | I1: Alta disponibilidad | J1: Estado
A2: MySQL | B2: Producción | C2: Crítica | D2: On-premise | E2: Sí | F2: Sí | G2: PII | H2: ISO 27001 | I2: Ninguna | J2: Activo
A3: Oracle | B3: Preproducción | C3: Alta | D3: Nube pública | E3: No | F3: Parcial | G3: Financiero | H3: PCI-DSS | I3: Replicación primaria/réplica | J3: En migración
A4: PostgreSQL | B4: Desarrollo | C4: Media | D4: Nube privada | F4: No | G4: Salud | H4: SOX | I4: Cluster (Galera/InnoDB/RAC) | J4: Por retirar
A5: MongoDB | B5: QA/Pruebas | C5: Baja | D5: Híbrido | G5: Credenciales | H5: GDPR/LOPD | I5: Data Guard | J5: Retirado
B6: DR | G6: Propiedad intelectual | H6: HIPAA | I6: Patroni
G7: Ninguno | H7: Regulador local | I7: Replica Set
H8: Ninguna | I8: Sharded Cluster
A14: Puedes editar o ampliar estas listas; las listas desplegables del Inventario las leen desde aquí.
